user_id,book_id
9,8
15,398
15,275
34,380
34,483
70,498
29,323
29,131
105,233
29,662
116,474
124,682
124,5
137,362
94,10
94,94
124,546
29,709
149,430
149,374
167,462
167,177
167,76
167,736
175,969
185,297
184,323
112,217
207,25
210,614
194,360
194,516
194,301
185,48
212,690
116,658
116,239
116,38
242,28
248,65
162,199
162,345
162,44
162,200
162,136
162,13
162,87
256,408
297,408
174,92
320,969
319,916
332,522
187,378
270,374
364,741
364,398
364,92
142,474
360,217
301,383
301,94
301,137
301,317
301,669
301,72
301,243
301,436
222,881
399,45
399,550
403,669
403,653
403,100
418,42
418,483
401,13
401,436
209,11
439,249
439,121
352,457
449,26
245,8
245,739
449,177
453,495
463,173
495,284
453,45
490,121
506,179
506,456
506,839
506,138
506,784
511,323
506,64
506,350
416,494
506,484
506,343
506,54
506,374
506,241
9,653
511,65
200,100
533,407
533,268
504,114
504,198
504,378
530,70
143,7
143,122
537,690
537,115
537,35
537,100
537,94
537,64
537,101
488,442
537,659
542,937
550,682
504,219
554,405
554,550
543,113
538,57
200,212
543,341
475,130
564,233
564,663
574,736
564,55
564,36
564,937
124,662
583,92
580,427
580,504
513,92
513,233
513,354
513,15
513,969
513,690
585,688
585,916
590,25
590,68
590,22
590,33
590,43
590,952
590,3
589,249
603,92
603,374
603,11
603,516
610,233
605,87
605,111
615,961
635,94
639,22
639,150
639,287
637,916
651,706
654,115
654,8
654,4
654,378
656,25
555,67
662,33
662,45
448,961
448,10
554,55
554,113
212,62
488,854
488,287
684,690
670,118
670,495
624,495
688,187
239,883
497,65
497,297
643,121
663,94
663,495
446,270
585,737
725,895
718,249
741,264
744,881
744,737
654,306
697,67
697,40
759,408
759,709
770,94
756,621
788,26
697,249
697,653
801,113
811,65
811,173
84,380
829,870
829,131
497,48
813,11
533,94
663,101
871,287
871,898
871,499
871,408
871,239
871,38
866,180
871,485
870,55
870,699
870,706
870,972
412,508
900,378
892,969
914,65
914,297
916,405
639,94
900,489
900,819
850,426
929,101
253,249
458,249
458,217
947,132
961,60
812,92
506,951
448,63
448,95
448,177
585,67
779,25
987,550
991,54
816,213
816,736
816,733
816,255
987,378
1007,331
532,322
926,11
1029,975
1029,374
1002,287
1007,901
1007,13
1007,100
1032,115
253,663
585,178
585,326
756,450
1043,211
1044,38
954,284
954,766
1068,225
1033,587
1033,405
991,984
143,162
1074,38
1074,577
1074,150
1074,547
1074,186
1007,155
1007,646
1007,958
1061,103
1061,255
1061,113
977,495
1047,121
1091,635
462,426
976,344
976,113
1007,171
1111,10
1111,493
791,77
791,594
791,184
7,10
7,233
995,485
1139,848
1104,115
1139,11
1139,46
1139,87
1127,284
1135,127
1135,265
1162,94
1168,83
1046,887
1175,345
1178,249
1178,115
756,870
790,100
1193,453
954,11
1183,168
934,793
1135,113
1139,104
1007,289
1147,407
816,82
1162,984
793,817
912,67
1178,592
638,48
638,737
638,516
1178,129
1236,426
246,737
638,430
1019,43
756,688
869,937
1254,233
1254,178
1276,27
1276,53
1135,325
875,57
746,35
1176,67
1302,81
1238,378
1253,287
1306,526
1302,306
884,516
1147,408
1147,779
1147,11
684,659
1030,436
554,67
1325,11
1325,94
1326,233
525,323
892,104
1321,287
533,405
533,872
1346,424
1347,457
1350,516
1350,57
746,11
1286,36
746,62
746,368
746,345
765,592
765,436
765,115
765,523
1254,737
638,969
1291,736
1254,499
1254,546
1334,316
1334,11
1334,67
207,704
207,614
1354,366
383,274
383,113
1254,483
1392,436
1392,273
1395,115
1395,67
1414,737
1012,743
1430,663
1430,72
1430,196
1430,484
1430,180
954,896
190,948
1444,597
1437,255
750,516
1453,5
1453,378
1456,92
1456,895
1456,690
456,737
1459,57
1459,22
1459,410
1434,233
1403,94
1291,737
1315,344
804,229
1450,225
1503,712
547,256
1474,417
1474,345
1403,710
1526,426
1504,620
1515,101
1464,67
1526,100
1526,937
1526,46
1551,121
1551,287
1560,92
1560,398
1560,211
1560,181
1560,180
1547,234
1547,707
1528,87
1509,8
1509,13
1584,690
1584,104
1584,557
1504,249
1590,11
1509,121
1544,162
1606,94
1608,410
1619,233
1582,504
1626,233
1626,94
1582,92
1582,282
1630,162
1630,65
1582,369
1582,101
1582,10
1582,55
1582,57
1582,100
1147,25
1582,669
1501,119
875,710
1414,669
1414,495
1545,895
1616,119
1537,301
1537,959
1537,916
605,867
1672,485
1558,273
1176,737
638,65
1695,268
1526,855
1526,270
1710,916
1689,45
1689,233
1722,113
1704,490
1722,474
1125,378
1125,476
1178,167
1727,682
1727,233
1403,122
594,150
1743,55
1743,8
1743,92
1663,297
1353,516
1734,113
146,408
1350,239
1124,249
1550,268
1550,916
1550,238
1503,101
1037,181
1450,25
1450,27
1735,974
1761,736
1582,377
578,177
578,225
1297,11
1774,71
1147,57
1147,741
1649,32
1663,236
774,60
774,171
774,101
1727,66
1807,64
1744,550
1811,67
1582,177
1657,179
1657,485
1582,432
1058,323
875,40
1582,5
1726,344
1726,372
1726,943
440,741
1723,561
1508,398
1508,573
1508,138
559,196
1835,113
1125,916
1835,377
1835,718
1835,400
1403,374
1350,474
1821,46
177,100
1835,442
1835,495
1835,119
1705,255
1705,479
1690,38
1528,109
1847,71
559,729
1392,377
1514,115
1872,744
1873,87
1873,10
1873,33
1820,258
1889,33
1889,7
1889,233
1889,516
1889,94
1514,121
1549,67
1889,426
283,111
283,115
627,223
627,918
283,304
283,779
1866,461
1890,60
1897,550
1824,688
808,400
808,522
1434,121
1835,729
1886,38
1886,273
1886,46
1124,815
1726,784
947,228
1872,303
1872,46
1577,896
1935,550
1935,287
1935,35
1935,238
1926,109
1937,100
1089,758
1937,81
1937,233
1937,120
1047,68
1702,341
1509,55
1586,408
1926,387
1926,212
1926,68
1850,148
1850,760
1942,480
1913,115
1913,310
1913,625
1913,495
1913,255
1913,13
1913,101
1549,212
1561,737
1965,867
1926,236
1926,25
1926,14
1926,13
1926,401
1926,395
1926,495
1926,287
1926,32
1926,225
1926,233
1926,736
1915,115
1915,916
976,925
1953,2
1953,186
1926,38
1926,597
1926,682
1926,284
751,270
863,710
1723,903
1254,688
1254,620
2018,635
1574,274
1953,417
1612,485
1399,284
1935,5
1935,8
1935,65
1935,516
1935,690
718,400
718,82
718,354
718,13
718,54
718,297
1977,113
2036,60
2036,495
2036,92
594,28
2061,916
1145,718
2075,45
2075,372
1549,115
1549,410
2036,659
2036,550
1230,65
1230,55
1230,119
1913,258
1913,867
1913,55
1913,94
1690,233
1236,354
2123,341
2125,493
1860,119
1283,961
412,597
318,8
318,495
318,516
318,270
318,682
318,62
318,67
318,737
318,113
318,484
318,877
318,115
2156,508
2156,233
1734,474
774,737
662,328
1744,371
1860,287
1942,322
1942,233
2210,8
2084,498
1756,690
1497,409
1497,48
2080,43
2080,92
2080,264
2080,130
2080,178
2080,180
2080,196
2080,265
2080,186
2080,916
2080,68
2080,108
2080,289
2080,576
750,357
1172,121
2254,255
2080,256
2080,785
2080,627
1508,115
2283,476
2283,55
2036,67
2036,127
2036,35
2036,22
2130,325
2130,4
2130,11
2130,212
2130,405
2130,122
2130,763
2130,503
2130,233
2186,408
2186,238
1860,212
2291,495
2291,867
2291,718
2291,233
1761,520
1176,256
2247,550
1514,177
2323,408
2323,760
1890,57
1927,83
1927,478
1927,298
1927,43
176,19
2334,4
2334,129
2254,672
2254,225
2329,916
2254,361
2254,975
1942,494
2321,520
2338,357
2338,709
1537,977
2036,115
1942,574
2321,92
2267,36
1942,426
2220,736
1927,11
2356,4
2356,65
2384,122
755,35
2389,467
1357,747
2389,64
2384,46
2370,867
2397,13
2397,45
2397,405
614,929
2384,225
1927,115
2407,275
1942,65
2366,53
360,212
2162,113
1772,690
2422,700
2422,39
2431,82
1979,211
1847,316
2370,378
755,38
2431,316
898,792
2419,11
2438,430
2438,38
2438,378
2438,55
2384,119
2454,131
2438,238
2438,121
2466,28
2466,38
2466,94
2466,115
2466,361
2481,228
2424,522
1060,887
2477,368
919,718
1060,669
919,113
1060,40
1060,592
1847,35
1847,468
1847,362
2501,127
2502,597
605,300
605,256
2502,238
2502,113
2502,219
1705,258
2497,115
1173,81
1173,87
1173,119
1173,784
2478,47
2519,199
2178,597
2178,113
2178,297
2178,92
2178,94
1173,867
1173,895
1173,516
1173,249
1173,287
1173,225
2178,895
2525,256
2540,196
1497,62
1608,265
1910,33
2037,550
2565,11
1910,325
2565,800
2546,81
2546,344
2369,115
1782,81
1108,323
1681,217
2361,94
1779,107
2569,82
2569,122
2569,38
2569,520
2589,289
1796,211
2476,219
2598,646
2598,225
968,167
590,212
2591,7
2591,522
2622,14
2613,969
2070,516
2557,378
2557,15
2557,81
1124,682
1124,397
2424,115
1979,520
1979,380
1979,410
1979,895
2615,10
875,46
2470,233
2337,747
2337,161
2337,230
2337,36
2337,873
2337,50
2337,410
1084,457
1796,624
2593,25
2644,174
2046,115
2652,119
2322,219
561,303
1756,408
2662,344
2662,122
2662,100
2662,45
2662,238
2662,113
2662,101
977,704
977,225
2636,82
2662,362
2662,493
2292,347
2292,641
2292,292
2292,602
2292,542
2661,11
2661,67
2329,550
1650,734
2667,328
2667,40
2667,690
2667,115
2667,550
2667,121
2667,323
2667,100
2667,271
2667,956
2667,672
2294,328
2667,997
2667,570
2662,508
898,217
2704,67
2715,864
2713,40
2713,550
2713,659
2701,115
481,408
2713,186
2701,82
2662,578
2662,705
2687,397
2713,217
2713,436
1108,287
1108,378
2713,896
2713,46
490,323
337,92
2713,121
2713,65
2713,321
2713,199
2084,424
1124,467
2732,586
2728,737
2728,65
2728,217
2736,495
1123,45
2740,378
2740,287
2740,273
2713,82
2692,160
1131,11
1131,46
2746,115
362,323
2748,287
2748,687
2748,255
2748,398
2748,211
2748,8
2748,65
2748,58
2748,485
1903,147
1903,8
1903,178
774,686
774,107
774,757
774,925
1095,67
1095,38
1095,57
1095,690
1903,52
1903,369
2759,92
2761,663
2585,408
1913,82
1046,380
603,38
2713,119
2756,11
2769,368
2727,307
2597,104
2597,67
2597,35
1940,508
2319,95
2788,663
2713,111
2258,426
2796,11
2796,33
2796,115
2796,119
2796,323
2796,121
2796,113
2796,22
2767,426
2389,127
2216,114
2827,284
1823,669
1823,119
2800,778
2713,662
2162,4
2162,115
822,283
898,71
2715,328
2123,516
2123,424
2260,43
2260,959
826,741
2844,799
2844,87
2860,233
2860,119
2397,54
2747,114
2747,211
2747,83
2747,138
1400,430
2737,233
2737,177
2737,378
912,284
912,395
9,895
818,303
2859,233
2397,591
2709,57
1095,43
1095,9
1095,171
1095,471
1095,700
1095,463
1095,554
1095,864
1095,712
1095,969
1095,148
2416,46
2890,520
2853,92
2384,150
2384,236
2384,82
2384,11
2384,38
954,173
2337,221
2709,233
1270,430
2907,60
2907,653
2907,148
2907,779
2709,360
2709,916
2888,233
2888,483
1153,8
670,306
2816,178
283,67
2934,378
2438,828
2438,62
2438,350
2438,371
2438,495
2438,297
2944,161
2624,209
2624,350
1890,408
380,315
2951,82
2951,67
2955,424
2955,895
818,465
818,131
1131,104
1270,67
1250,211
2715,40
826,550
848,233
848,474
848,67
848,127
2709,984
2963,122
2955,969
2955,659
2474,961
2965,2
2965,5
2965,8
2965,27
2965,24
2965,21
2965,18
2965,23
2965,25
2965,29
2951,55
2951,47
2839,516
2951,372
2951,374
2715,100
2820,219
2980,588
1411,233
2922,620
1845,113
1845,471
2438,273
774,230
1845,35
2951,103
2954,344
2954,474
2713,815
2951,529
2955,322
3015,40
2953,33
2853,238
2853,179
2853,65
2853,115
2268,177
2197,546
2953,113
3024,5
3028,2
3028,23
3028,25
3028,27
3028,24
3028,18
3028,21
2939,264
2939,57
2853,11
3023,879
3023,113
3023,633
3023,371
3023,499
3023,360
3023,547
3027,408
3027,587
1102,961
2922,284
3035,76
2963,33
70,560
2963,94
3047,398
2652,10
2652,121
2431,115
2162,33
2162,758
2162,398
1845,8
1845,65
1845,864
1412,65
2736,122
2736,516
3061,122
3061,38
3061,14
3061,495
3061,737
3061,113
759,133
759,646
759,718
759,150
2824,45
2853,122
2853,383
2497,11
952,289
2497,867
2928,121
2814,467
2995,94
28,265
3035,36
3035,7
3081,682
3082,233
3088,233
3029,653
3029,322
3029,48
3029,666
2934,716
3079,35
3079,879
3087,101
3087,344
3094,64
3094,40
1937,178
3085,287
3085,8
3085,89
3100,94
1327,737
1968,718
1968,360
3085,67
2294,19
2294,155
2294,516
1823,38
3079,198
3105,474
3105,737
2931,176
2437,851
3110,113
2809,378
2766,408
2766,900
2985,5
3117,439
2985,196
2427,242
2319,13
2685,43
3107,121
3085,495
3085,65
3079,94
3079,495
3049,387
3049,213
3049,432
3049,371
3049,718
3049,972
3115,405
3115,65
3035,627
2768,122
2768,233
3086,113
3086,287
1327,233
2761,11
2761,67
2747,103
2967,136
2967,306
2967,118
2967,323
3101,191
2427,38
2427,78
2934,35
2962,483
2962,751
571,682
3147,592
3094,11
3094,908
3094,328
1866,233
1779,407
1890,62
2438,522
2438,682
142,233
3061,64
3061,587
3061,374
3061,11
3061,758
3061,119
3115,718
3123,130
2963,35
2963,377
2761,840
2868,883
1903,81
1903,238
3170,629
2859,212
2478,736
2985,11
3076,815
175,11
3157,550
3079,10
3079,121
3079,663
3079,211
3175,219
3168,47
1235,431
1235,234
3190,793
2859,682
2709,872
863,11
2875,173
2875,129
1444,646
3029,212
3203,362
1493,663
3074,516
3074,495
2767,633
2633,80
3,932
3213,516
3213,737
2070,247
3158,660
3208,249
1763,233
3213,378
2361,233
2361,122
3115,57
2534,67
2920,833
3214,284
3105,11
765,126
765,467
3231,52
2748,154
3057,122
3239,982
3239,287
3239,407
2738,230
1068,467
1294,67
3254,255
1681,493
3254,550
3254,238
3252,78
3151,60
1092,233
1092,94
3158,165
3168,413
3168,111
3168,408
3168,38
918,815
2809,212
2713,557
1515,87
2282,323
2296,62
2576,362
3269,690
3269,249
3269,354
3269,374
3269,474
3269,160
3269,287
3269,383
3269,256
3232,690
2585,828
2076,969
3085,336
2261,168
257,520
3270,704
3272,959
3272,887
2938,417
2748,177
1159,233
3290,700
3290,10
3290,76
3290,171
3293,160
3293,173
1046,408
3293,828
3293,653
3293,887
3293,177
3293,87
3293,587
3293,323
3293,225
3293,32
3293,718
3293,92
3293,948
3293,265
3293,130
3293,495
3272,119
2361,895
2361,883
3307,408
3277,400
3277,360
3277,729
3277,789
3277,890
3277,7
3277,322
3277,283
3277,480
3277,87
3277,115
813,233
469,233
3265,887
2704,207
2361,372
887,212
3327,40
3327,121
3327,122
1823,100
2597,378
295,959
295,181
295,559
295,664
3176,495
926,377
3164,782
3321,50
3321,57
3276,550
3276,374
3345,248
3345,727
3345,483
3164,472
3164,353
2709,11
614,176
3126,528
3176,150
3269,758
3269,212
3269,430
2652,820
3301,948
3301,121
3301,225
3301,407
397,474
3293,374
3321,994
3321,83
3321,160
1648,287
3321,28
3360,67
3360,881
3293,499
3293,977
361,8
2389,741
3023,974
3023,62
3023,368
3023,480
3270,403
3301,616
3115,10
2260,571
1497,383
2955,212
2260,323
2260,180
2260,192
2260,484
3377,11
3372,115
3372,238
3313,557
3363,76
3363,8
3363,523
3363,117
3363,131
3363,43
3363,138
3363,171
3363,10
3363,561
3363,405
3023,819
3254,111
3055,323
3055,468
3055,121
3055,113
3320,212
175,408
3360,430
3394,969
3321,22
3321,369
1307,496
3393,122
3383,233
989,94
2371,11
2371,67
2371,115
2371,46
2371,550
2371,92
2371,121
2371,13
3147,735
3384,520
3384,690
3384,820
3384,25
3384,27
3384,21
3136,916
3055,4
3055,10
3176,256
3176,916
3384,211
3364,40
3364,11
3320,115
2123,360
2123,426
3425,38
918,561
928,929
950,81
3430,225
3430,5
3430,13
3430,94
3221,119
3221,94
3321,26
3359,461
3126,27
3126,95
3126,83
636,658
636,287
3465,57
3448,442
3448,424
703,236
3207,45
1125,142
3393,22
3479,371
2122,38
2122,32
2122,225
3490,10
3490,57
3474,480
3474,368
3474,62
3474,45
3474,48
3492,284
1043,67
1043,127
1043,398
1043,574
3492,682
3492,881
3492,101
3492,408
3492,828
3492,653
1108,467
3176,354
3176,523
2389,63
2389,76
2437,397
2699,398
1650,122
2437,410
1145,453
3409,196
2931,11
1465,662
1465,11
1465,410
1465,104
3536,344
3536,85
3536,339
1285,374
3542,11
978,11
476,591
989,881
179,908
2309,104
3555,495
3554,284
3471,233
1607,353
1607,559
1607,646
1607,879
3446,430
3296,40
109,663
109,65
109,439
109,233
109,181
109,984
109,867
109,483
109,395
1845,559
3169,5
1609,212
3422,341
3422,177
1470,66
3568,895
3569,10
2491,211
1211,40
3320,94
3320,4
2586,11
3536,113
3536,94
1612,474
3499,798
3126,63
3126,819
3126,722
2713,233
3582,934
3582,284
3582,55
3126,961
3176,635
3176,410
2240,2
2240,18
2240,24
2240,21
2240,23
3270,22
3296,386
2042,94
2042,233
2042,181
2042,557
2995,78
2995,908
2995,76
3568,45
3568,127
3341,929
3092,35
3092,60
3092,516
3597,238
703,788
703,40
703,127
703,162
3141,374
1414,550
2427,11
2399,238
3296,46
3619,483
3524,472
3597,489
740,13
740,896
1145,11
1514,597
1005,815
1736,916
2704,258
3270,908
2995,828
3629,480
3629,110
3629,956
2554,67
2554,38
2554,100
2554,498
2554,485
3617,122
648,43
648,427
648,283
648,62
648,35
3055,760
3594,658
3594,127
3594,522
3636,424
3636,395
3636,198
3636,7
531,407
3636,138
3636,95
531,516
905,67
3545,559
3620,916
3620,127
2517,561
2517,330
3639,378
3617,54
1025,89
3655,65
3655,22
3655,119
3658,78
3661,560
3661,959
3661,11
3094,46
3615,937
2295,40
783,271
3254,233
3254,495
3254,268
2752,90
2517,322
3151,35
3693,256
3693,255
3693,122
3693,690
3695,233
3695,89
3695,245
3695,111
3693,969
3692,592
3351,115
3351,495
3351,378
3351,81
3351,916
3351,211
3351,217
3351,101
3351,82
3351,474
3351,83
3351,65
3351,15
3351,225
3351,177
3351,103
3351,93
1053,410
2560,467
2699,663
3711,132
3711,62
3713,19
3713,155
3713,611
837,181
919,142
3672,887
3672,189
3672,439
3672,14
2782,431
3705,36
1579,972
1649,115
3168,642
1649,591
3168,35
3126,408
3126,101
3126,39
3731,374
3731,474
3385,799
3731,867
3731,457
3731,269
3565,896
887,67
2492,708
3351,592
3351,672
3351,501
3351,228
3351,122
3351,483
3351,35
3351,436
3351,696
3351,795
3351,426
3126,378
3126,59
3717,493
3747,219
3747,297
3747,929
3747,168
3747,795
3747,424
3747,11
3747,113
3747,104
133,45
3126,92
3126,550
3126,22
3758,43
3646,67
3094,62
2985,353
3763,53
2244,550
2112,47
3768,538
1721,663
1450,908
1450,118
3771,505
952,929
987,899
3015,273
3015,46
3668,92
3793,65
2699,508
3670,40
3617,472
3802,104
3802,212
2554,467
3802,815
3802,94
3802,57
3428,113
3126,171
3126,40
3668,306
3805,67
1398,287
3713,71
3713,265
3713,257
3635,249
670,233
3363,58
3665,397
3665,828
3840,115
3826,238
3826,736
3713,390
3713,100
3846,104
3844,328
3313,879
3853,13
3857,35
3857,109
3826,100
1483,767
3857,131
3857,83
3857,361
3857,485
3857,274
3857,297
2846,489
3812,14
1125,258
1508,883
3597,297
3846,467
3713,122
2365,368
3747,39
3747,110
3747,135
3747,165
1519,485
1519,887
3791,115
994,65
3565,186
3891,233
2477,46
2061,688
2061,82
3888,119
1450,81
3908,40
3450,40
3450,212
2952,3
2952,49
2952,52
2952,743
3903,952
3915,896
3915,111
3915,119
3916,716
3916,596
3916,4
3916,122
3916,35
3269,55
741,130
3381,405
3381,895
3381,758
1829,92
1033,941
3536,410
3536,83
3536,361
3868,476
3269,743
3763,62
3301,104
1155,101
463,256
463,522
494,60
3136,737
3845,38
3845,186
3845,46
3845,269
3845,265
3845,57
3845,111
3845,181
3845,67
3845,688
3845,212
3845,122
3845,45
3845,674
3845,272
3845,273
3845,76
3845,523
3845,138
2928,395
3817,574
3469,273
3947,53
3951,770
3951,451
3951,879
3387,815
3955,710
3885,45
3959,770
3964,495
3964,212
2282,76
3966,66
3966,737
3966,383
3713,357
3126,127
3959,14
3846,113
3846,67
2879,10
3180,11
1600,322
2569,65
2569,516
1600,212
1600,815
774,483
774,709
774,407
774,212
3628,179
3628,60
3628,641
3628,602
3628,292
3628,347
3628,332
3628,413
3628,14
3989,171
3989,42
3566,67
314,11
314,495
314,476
1508,58
1508,361
1508,485
2662,11
3628,46
3988,142
4008,426
3209,45
4008,701
4008,180
3738,468
79,233
3212,468
4013,400
760,690
760,659
2389,815
2389,46
2389,62
1724,700
65,611
3301,113
3077,132
3077,60
3077,570
3077,849
1070,560
850,181
3506,142
1070,522
1070,597
1070,83
1070,883
2746,142
1070,35
1070,468
1070,45
4033,13
4024,186
1689,587
1689,212
295,54
295,13
295,113
2767,273
2281,368
295,560
295,498
295,160
1515,40
4057,67
4057,495
4057,233
4024,111
4024,11
4057,287
4059,478
3877,76
3877,10
3877,171
3877,230
2931,269
3123,213
2357,212
3826,408
4024,47
4057,977
4072,11
4072,63
4072,230
4072,76
4022,498
4077,122
36,718
4078,360
4080,142
4080,879
4082,142
4082,67
4082,217
4083,101
3658,448
2937,436
2922,46
3795,881
4078,550
4078,408
446,52
446,205
446,696
446,898
446,815
954,666
3428,405
3966,115
3953,772
3953,255
3953,97
3953,984
3953,87
4029,564
3752,457
4049,233
4049,63
2057,504
4076,179
4076,265
4076,734
4076,929
4076,550
4076,557
4078,167
1176,13
295,499
295,387
295,171
4124,916
4124,405
4124,284
1713,682
3295,142
3693,40
3295,35
4147,65
4147,173
4147,284
4147,323
4124,100
4124,11
4124,233
295,129
295,916
4077,111
2070,772
4072,5
4167,108
618,283
3626,474
3626,67
3626,380
3626,8
3626,238
3626,46
3626,177
8,498
4077,11
3139,162
3711,410
4024,67
4024,8
4024,46
4049,11
4000,67
4072,416
4072,492
2662,249
3926,127
151,793
3286,92
3193,118
3193,14
3193,5
3193,32
3193,50
458,538
2687,11
3035,111
4188,642
2662,67
4027,485
2662,115
2662,111
2662,22
2662,233
2662,33
2662,378
2662,35
2662,495
2662,119
2662,256
905,94
905,11
4202,374
4202,142
4202,916
573,304
2685,67
2685,46
2685,40
2685,81
2685,238
2685,92
2685,82
2685,127
2685,550
2369,11
3912,38
3964,550
1512,150
918,901
676,121
3713,485
65,854
3906,150
457,4
457,8
457,60
457,27
457,23
457,21
457,24
457,18
457,238
457,65
457,10
457,9
457,233
457,55
457,28
457,36
457,87
457,408
457,15
457,374
457,357
457,2
457,5
457,58
457,14
457,42
457,94
457,85
4217,273
4221,111
4072,160
3953,113
3953,103
3953,297
4226,233
1102,289
1537,819
4227,94
4238,287
4238,178
4238,256
4238,758
4158,550
4205,127
4205,94
4205,3
4205,474
4205,895
4205,150
4238,115
1102,45
4221,35
4221,38
4221,21
4221,67
4074,127
4253,46
4253,11
4253,67
3910,115
4148,369
4253,383
4228,154
1287,148
3738,331
2070,67
2070,529
1677,916
1287,178
1287,100
4276,81
4272,383
2275,45
2275,114
4078,397
2275,46
4221,100
4221,737
4221,45
4221,55
4221,177
3340,89
1173,104
989,550
2485,777
4273,100
4281,100
3910,11
3910,436
1800,46
1800,64
1800,908
1800,35
1800,969
1800,212
3784,94
1800,395
1800,317
1800,961
1800,498
256,122
3340,248
4277,872
4277,196
4277,83
4277,498
4277,160
4277,819
2427,67
634,495
634,646
634,58
634,782
634,28
634,209
634,248
634,918
634,168
634,125
634,431
634,663
3928,181
4317,911
1287,265
3635,523
4246,587
1356,269
1356,322
1356,922
1356,305
1356,612
1356,243
1356,725
1356,806
1356,553
1356,936
1356,953
4283,442
783,67
4283,620
223,690
4324,646
3148,249
2471,914
3535,242
1672,723
4337,2
2928,115
3737,131
1579,322
1579,287
2563,875
2563,256
4344,784
4344,212
1579,211
1579,119
952,19
952,155
952,161
2502,249
637,378
637,38
637,326
4341,241
1845,43
1845,63
1845,451
4359,35
4362,403
4362,191
4362,688
4362,129
4362,11
4362,54
4362,46
4362,104
4362,142
4359,60
4359,38
4359,62
4359,690
683,45
4000,663
4202,150
4366,115
3910,520
4190,119
4190,265
4190,100
4190,736
4248,265
4294,100
4253,467
4367,60
4367,46
667,81
3711,67
4158,46
4158,591
2483,43
2117,647
2117,113
2117,687
2117,366
2117,35
2117,127
2117,115
2117,122
2117,119
4379,516
4159,25
4159,27
4384,495
4384,196
4384,621
4384,58
4401,11
2920,268
4409,245
4153,211
923,480
923,368
923,62
4399,725
923,377
440,233
3953,121
3953,937
440,46
256,115
4382,160
248,782
2070,127
4072,131
4072,229
4072,518
4072,961
4072,529
4176,40
1846,493
4190,57
4190,426
4190,13
4190,225
4450,103
4456,29
4466,530
4466,82
4466,46
4392,82
4152,177
4152,498
2070,718
2070,82
1609,113
4476,8
4326,11
4326,33
4326,57
4326,45
4326,100
4480,94
4480,130
4480,663
2117,362
4480,47
2424,67
3763,366
4486,944
4486,232
4486,612
4486,725
989,67
4486,350
4486,4
4486,154
4451,64
4491,11
4491,45
4491,686
4491,552
4226,87
1395,550
4227,417
3259,177
3259,516
4374,67
4374,35
2227,929
928,718
3126,257
4502,27
4500,916
954,127
954,936
954,953
4508,336
4521,212
2063,181
3209,426
3391,36
3966,408
3966,344
142,119
2361,150
2361,127
3340,192
4076,485
3707,595
4545,650
2507,322
4545,269
2507,11
1609,196
1609,739
928,35
928,121
928,32
928,113
928,62
928,55
928,181
229,46
928,456
4528,560
4528,820
4528,160
4528,83
4076,255
4398,25
4398,145
4398,170
4567,929
4567,516
4567,483
4567,92
4567,550
4567,474
4152,620
4567,887
4567,162
4567,121
1579,199
4528,125
4528,736
3788,662
4547,408
4592,60
4592,57
4592,94
4592,378
4592,53
4592,426
4592,46
4592,520
4592,75
4592,635
4592,199
4592,249
4592,180
4592,587
4592,377
4592,682
4592,777
4426,870
4373,956
4373,111
4373,273
4347,67
4347,87
4490,255
3628,258
3502,18
3502,24
4551,46
3566,212
3566,45
4364,38
4314,701
1497,408
1497,779
4604,925
4622,119
4622,11
4622,265
1796,38
1579,92
4634,4
3826,222
3826,588
4604,104
4488,109
4488,67
4622,55
4622,82
4560,82
4560,881
4647,960
832,682
4636,916
4636,115
4636,557
4529,239
1257,735
1257,196
1257,365
1257,45
1257,5
1257,11
1257,50
1257,33
1257,28
1257,32
1257,14
1257,40
1257,225
1257,405
1257,483
1257,378
1257,516
1257,119
1257,121
1257,94
1257,122
1257,495
1257,36
1257,344
1257,38
1257,57
1257,22
1257,60
1257,115
2819,225
4653,879
3575,597
3575,772
4294,444
4294,43
4294,113
4294,270
4294,826
4294,498
4294,66
4294,559
4294,961
4294,131
4294,229
4294,142
4294,590
4294,126
4294,103
4294,204
4294,177
4294,83
4294,311
4294,28
4294,397
4294,75
4294,494
4294,77
4294,436
4294,284
4294,274
4294,496
4294,35
4294,233
4294,500
4273,378
4273,779
667,115
4634,9
2672,736
2713,92
4551,238
4551,417
3775,67
3775,205
3775,570
3775,122
4542,181
3711,269
4653,736
4653,883
4653,855
4653,48
4662,242
4379,113
4379,177
4379,38
3088,550
4379,929
4379,398
4379,795
4379,520
4379,508
4379,181
4379,374
4379,131
4379,48
4379,248
4379,274
4379,14
4379,687
4379,89
1845,82
4408,87
4408,11
4408,550
1515,325
1515,407
4072,212
4662,86
3692,591
253,212
253,344
4229,5
4229,612
4687,413
4687,372
4687,317
4687,171
253,289
4687,76
253,46
4662,381
2258,494
2908,550
4567,36
4379,820
4379,479
4687,38
3422,167
4582,272
2320,784
4210,211
4210,87
4210,969
4210,92
4581,81
4581,485
4581,264
4665,495
4693,493
927,10
4693,11
4693,22
4693,272
4693,89
4693,471
4693,590
4693,8
4693,916
4693,76
4693,388
4693,255
4693,903
4693,374
4693,829
4693,969
4693,87
4693,997
4022,225
4022,131
3634,744
4649,495
4709,119
4649,104
4649,11
4709,690
4692,142
4713,101
709,615
709,73
4567,272
4551,316
4551,94
865,919
4702,57
4702,795
4585,56
4725,969
4714,383
2685,284
3422,115
4718,467
2260,867
2260,22
4599,467
3462,177
3462,14
1857,181
3480,633
4619,447
4765,401
709,763
4659,50
4617,57
4639,78
4639,468
4639,92
4639,35
4639,233
4252,64
4252,480
4771,417
4352,233
1860,268
4782,53
4272,10
4272,76
4272,171
4272,230
4272,471
4272,451
4619,867
4619,451
4619,8
4777,8
4777,896
3634,948
1378,67
4647,603
4647,49
4647,2
4647,23
4647,18
4647,25
4647,27
4647,24
4647,21
4791,719
4791,40
3872,270
1650,736
4791,142
250,587
250,516
250,46
250,11
3316,663
3316,181
4560,68
709,115
4813,870
4815,82
4818,111
2617,635
4823,659
4057,33
4076,63
4076,808
4076,186
2854,304
2679,256
4815,45
4815,233
4837,383
4837,408
4837,916
4840,733
4839,225
4839,212
1935,82
4778,758
4050,186
3340,101
3340,372
4691,495
4841,424
3363,212
4847,239
4352,860
4352,495
4619,198
4849,882
4849,28
4849,744
4861,659
4647,481
4867,272
3856,854
4876,256
4876,10
3628,101
4880,11
4880,131
4049,81
3061,115
3061,408
4880,55
4553,53
2187,520
4553,345
4553,70
4567,828
639,516
639,828
639,574
4617,100
4617,4
4617,7
4617,46
4617,64
4617,111
4653,523
4029,592
4272,101
462,400
4371,127
4371,92
4553,95
2102,11
4847,115
3566,273
3566,256
3566,233
2854,741
4880,268
4371,70
3026,663
1262,378
4787,228
4921,213
4621,121
4621,66
3568,87
3568,233
3568,256
4617,387
3332,857
2858,265
2858,173
4474,122
4924,447
4869,127
3638,513
3638,22
3668,495
3443,13
3443,125
624,417
3504,8
3504,94
4947,168
4947,24
4586,233
4254,666
4950,199
4950,132
1609,233
4950,11
4950,45
4953,642
4281,186
4953,212
2642,35
4586,700
4567,119
1075,937
1075,282
3391,119
4278,171
4505,212
4505,186
4505,115
3909,25
3909,27
3909,21
4505,46
4505,287
4505,323
4505,35
4505,81
4505,178
4505,425
1579,270
4840,65
4969,963
4969,227
4969,544
3363,266
4419,663
4298,395
4298,95
4982,50
4940,66
2294,763
4421,41
4419,765
2409,170
2294,392
4969,571
676,38
4969,94
4969,113
2756,900
3504,629
3090,40
4787,38
4823,736
4823,127
4823,374
531,256
4975,113
3603,173
4281,383
4999,663
4999,815
4999,82
4999,92
4999,408
4999,122
5020,256
839,430
4999,439
4999,239
4913,121
4586,847
4997,790
5023,951
379,528
4876,19
4876,67
4876,121
5023,380
5024,310
4999,115
3565,867
5004,509
5020,233
5020,378
5028,25
1077,374
4277,485
5029,255
5029,287
5029,100
3738,186
3737,690
4426,550
3566,700
3566,118
3566,292
3566,602
3566,641
3221,322
4926,176
5032,45
3177,284
2862,719
5050,287
5050,374
5050,870
3620,642
3620,658
5050,268
5050,45
2000,468
167,467
5014,472
3295,212
5068,4
5080,57
4585,46
4585,457
4585,249
4585,557
818,87
4196,10
525,744
525,67
525,256
525,719
5086,83
5086,10
1714,26
4150,883
4972,119
3752,142
594,867
3966,57
2595,273
3765,67
330,256
5080,67
5095,57
5095,9
5028,27
5028,21
5095,111
4803,410
4803,409
5096,895
4815,895
4815,916
4815,46
4815,119
5099,81
4984,529
4984,83
4984,4
4877,474
4877,360
5080,45
5080,179
5080,35
5080,40
5080,46
2662,509
5106,303
5106,406
29,809
29,178
29,934
29,32
29,730
29,618
29,121
29,36
29,45
29,65
29,87
29,424
5096,92
5096,383
3628,45
4606,508
5054,426
5098,408
4972,867
4341,38
4474,483
5127,2
5123,479
5080,273
5099,46
5134,484
5134,709
5134,483
4435,115
5134,131
5134,225
4435,100
4435,233
5054,54
5134,959
5134,95
5134,597
5134,293
5134,71
5134,390
5134,977
5134,595
5134,718
5134,289
3443,646
5020,67
4250,4
5134,826
2015,362
4364,5
5125,687
3063,495
5035,46
5035,40
5035,67
4250,955
4250,501
5120,341
4798,117
4798,516
3634,45
3634,560
5175,45
5175,104
5175,87
5175,4
5175,13
1650,10
1650,71
1650,97
4371,883
5096,372
5035,399
4028,186
4028,700
5169,408
5169,784
2023,249
3167,758
4988,233
1608,119
1608,70
4962,929
1935,495
451,447
3207,199
5099,100
3692,46
3692,11
3692,67
3692,127
5098,8
3788,64
5169,681
4787,117
5035,820
3697,228
295,11
5192,471
3381,65
4853,574
2652,45
5150,5
3966,233
2093,495
5246,94
5251,425
69,520
1553,984
4658,289
892,142
5217,111
4555,62
4555,122
4555,219
4555,113
4555,323
4555,92
4555,127
4555,217
4555,238
4555,881
4555,690
4555,400
9,736
9,701
238,94
3149,380
4586,100
4586,387
4586,103
4586,109
4586,225
4555,173
4555,788
4555,570
5291,38
5035,11
5035,50
5035,7
5035,38
3076,659
1308,47
448,100
5304,67
5304,233
5304,56
484,436
4940,43
4940,171
511,64
4582,439
2260,249
511,45
511,113
511,89
511,704
511,597
511,196
511,80
1605,94
1605,212
1605,453
3141,522
5314,570
4943,47
4943,11
4943,330
4943,464
2168,314
4700,378
5311,94
695,522
4382,616
4909,186
5286,47
5336,38
5336,217
4407,325
4407,45
2595,46
559,94
4545,38
4545,186
4545,5
4545,161
4545,155
4545,19
4545,138
263,815
3450,11
3450,100
3450,111
5336,426
668,407
4250,896
5342,205
5342,492
5342,239
3617,719
2345,408
2345,815
4693,777
4076,256
4791,212
4791,186
2662,273
3194,256
5156,256
5156,46
4837,908
5156,323
5156,60
5156,121
5156,38
5136,256
918,442
5136,47
838,984
3176,211
3889,366
709,718
5356,495
5356,100
5356,35
5356,94
5356,233
5356,186
5356,142
5356,550
5356,249
5175,919
4407,73
5351,36
3697,50
3697,28
3168,503
260,11
260,33
260,14
260,65
260,94
260,67
574,815
5300,41
5339,741
5339,534
4710,160
4254,408
4254,40
694,637
694,516
694,36
543,815
5376,115
5376,67
5376,11
5376,111
5376,969
5376,870
5339,405
4713,9
4500,233
4500,261
4088,273
3025,45
3025,66
3025,762
4326,651
4326,935
4326,375
4326,145
4528,213
4528,614
1579,495
3243,398
4337,480
594,426
594,523
4072,67
5156,94
4088,60
5260,273
5360,550
335,719
2267,233
2267,115
2267,306
2267,596
2267,833
2267,662
2267,546
4408,228
918,40
3527,186
4663,786
1503,572
4202,60
3029,700
3928,929
4709,64
5136,719
3025,495
246,177
887,225
194,378
1722,401
2937,45
4689,362
2662,690
4074,316
5412,383
5412,38
5412,417
5412,111
5412,743
5412,57
5412,256
859,682
1802,426
3989,33
3989,81
4361,43
1736,499
5422,173
5381,270
5424,417
5424,108
5424,187
5424,97
5175,129
5175,503
2337,11
5086,57
5086,196
5086,212
5150,187
5086,40
5086,557
4979,230
4684,792
4950,36
768,5
768,40
768,10
2694,95
4749,57
768,828
4347,104
2662,526
1221,429
4542,934
4542,872
4542,81
4542,270
4542,595
3920,45
3920,60
1046,961
4076,682
5453,212
5453,238
1287,104
5438,11
5438,323
5120,935
5426,408
5426,819
5426,14
5438,474
3928,857
5447,49
5447,52
5462,233
5462,529
5462,33
4367,325
3532,256
3532,121
3532,733
5303,838
5471,620
5453,1
5453,501
5453,187
5453,519
5453,781
5462,671
5453,273
5438,870
3830,426
4352,8
4352,57
4352,40
4352,58
4352,65
4352,115
4352,557
4352,43
4352,122
4352,255
4352,127
4352,867
4352,119
3931,642
3177,256
3177,9
4250,256
5036,35
5438,249
5438,7
5376,331
3284,40
2628,969
5348,46
4990,60
4990,101
4281,217
3718,40
5489,899
1315,534
3,726
1652,879
5498,666
5498,508
3137,11
3137,67
3137,40
4374,212
5498,519
5498,781
4392,14
4392,67
5360,534
4869,22
2168,653
4975,815
4196,103
2187,265
3070,67
4371,682
4371,815
4371,212
4371,45
4371,150
4371,83
4371,82
4371,65
5522,265
5522,67
5522,45
5522,238
5522,484
5522,765
1650,495
5522,198
5522,130
5522,10
5522,178
5054,11
5054,186
3856,574
1295,550
5522,82
5021,467
4421,73
1137,115
3847,877
4371,457
3027,550
3754,212
1235,8
3708,67
3708,233
2684,111
2361,10
2361,76
2361,230
4146,167
4990,495
2819,212
4996,212
5136,174
392,916
392,378
4597,350
2084,101
4749,256
1591,550
989,495
989,916
954,484
4308,758
5534,119
3692,236
5547,249
5559,113
2176,408
5499,95
5569,113
4324,344
4324,372
4324,943
4511,723
4511,211
5570,256
5570,186
4014,867
4195,895
175,534
5163,10
5576,779
5163,46
5163,233
5163,81
839,211
4074,113
5339,407
954,121
2953,495
5584,2
3401,919
4079,522
5303,71
5588,8
5588,38
5588,111
4658,104
4105,230
1591,101
4274,40
2153,453
5433,408
5598,3
5598,212
5598,94
494,948
5610,104
5610,212
5610,82
5610,233
5610,100
5610,366
2260,405
4421,26
4421,368
4421,62
536,637
4954,879
5286,11
1343,11
533,520
5549,45
5549,284
4252,265
954,461
5539,196
4975,205
1886,908
3071,895
2569,642
4216,67
5544,4
5544,13
5544,706
5544,699
5544,109
5544,87
59,162
937,62
937,122
937,471
3236,378
4438,590
4119,54
4119,60
2482,247
3676,407
1235,273
3854,94
5118,733
5118,75
5118,710
5118,119
5118,757
5118,882
3661,46
1095,212
1095,233
1095,417
1095,62
3681,516
3681,690
3681,11
5622,718
3681,426
3681,211
5635,270
5281,513
3527,100
3527,46
3527,417
5374,49
3035,100
1519,760
1519,46
3805,690
2384,186
5465,114
5642,22
5628,744
286,114
286,162
5638,94
5638,38
5638,4
5638,212
5638,45
5638,35
5054,35
5054,70
3071,48
2990,37
2990,621
2990,997
2990,513
2990,879
1873,94
2990,493
2990,387
2990,23
2990,386
2990,373
2990,241
2990,59
2990,117
2990,70
2990,416
2990,184
4553,719
5595,82
5595,150
5595,929
194,483
194,408
797,723
3617,826
2294,77
5156,489
5156,150
2075,474
5142,881
1066,122
4988,688
4988,82
954,188
4409,111
4409,122
4409,87
259,682
1690,85
5624,436
5624,129
1763,94
1178,322
5663,662
4545,233
4545,733
2679,60
484,239
484,365
484,173
4382,32
3561,870
3561,138
5470,55
5470,28
5539,474
3617,274
2915,127
5672,72
5672,553
5672,703
5672,818
5672,611
5672,104
4936,46
4936,417
4936,119
4029,659
1591,8
1591,95
5672,65
2819,73
3293,765
5684,45
5684,736
5684,570
5678,929
5678,62
3099,378
5684,550
5684,662
5156,903
5689,932
5688,959
3636,738
1253,177
2467,828
1801,688
5684,265
2597,516
1166,815
5698,344
5698,127
5698,380
5687,233
3329,46
3329,187
3329,38
3329,929
3329,633
3329,238
3329,127
3329,121
3329,181
2373,46
2373,249
5691,188
9,883
9,233
1036,28
1036,239
1036,121
2373,233
3200,13
4072,366
5691,62
9,230
3444,516
2373,47
4224,323
4224,704
3360,104
3360,779
2089,233
5712,8
5712,121
5712,70
1650,103
1650,588
1650,133
1650,878
5712,273
5712,328
5712,82
1650,343
1650,448
1650,471
5699,427
5712,867
5712,256
2991,495
5712,476
2373,11
2373,67
2373,256
2373,212
5712,87
2373,467
2373,87
2373,127
2373,211
2373,217
2373,10
2373,28
2373,43
2373,94
2373,177
2373,230
2373,461
5021,73
5712,306
818,81
5721,67
4818,526
5378,550
3030,733
1012,509
1318,398
5319,114
4710,662
4710,103
4710,493
4710,95
4710,58
4710,11
4710,186
259,467
675,653
2613,602
2613,641
2613,37
662,256
2613,114
4846,46
4797,67
4846,557
4846,11
4846,122
4846,283
2862,101
1714,73
5706,476
1824,457
5589,779
663,92
663,378
663,32
663,45
663,121
663,480
663,66
663,15
663,284
663,62
663,937
663,323
5687,94
427,809
1609,179
5712,417
2859,534
3444,60
3444,984
5639,73
3292,916
1287,47
7,225
4371,401
3183,80
3183,255
3183,89
5712,76
5712,265
4371,658
4371,113
5665,550
5743,769
5743,497
5743,293
5743,706
5743,804
5743,321
5743,272
5743,241
5743,856
5743,997
1514,485
3697,52
5684,935
2865,11
2865,46
2865,38
2865,81
2865,55
2865,256
1411,550
1411,663
2613,62
850,485
2227,93
2878,50
1591,374
5534,516
3183,121
469,325
469,550
929,344
5757,687
5757,366
5706,877
5712,378
5757,815
4586,230
614,55
3431,233
3183,457
3183,570
2164,408
3431,35
1845,213
5712,47
5670,46
5737,54
2397,122
2613,13
2613,656
2860,557
4943,132
5630,870
5630,453
5228,276
5228,65
861,81
1690,292
1690,332
1690,542
1690,602
1690,641
1281,606
2331,323
2373,407
5786,7
5786,11
5786,35
5786,28
5786,9
5786,76
5786,121
5786,37
5786,67
5786,71
5786,103
5786,83
5786,42
5786,62
5786,19
5786,44
5786,228
5786,136
5786,310
1326,186
646,10
646,11
174,516
5697,682
403,121
403,67
3254,187
5790,104
2931,541
5757,269
3183,872
2061,65
1979,187
2223,591
2223,659
3113,688
2284,47
2284,273
2257,682
2257,273
2389,104
2257,87
2257,205
2257,696
2257,898
5794,46
322,11
1638,616
4371,93
4545,453
4059,412
4059,790
4059,67
2569,659
3215,73
1609,557
4083,142
4083,467
4083,329
4083,82
5348,28
5790,467
5372,150
5372,238
5372,344
5372,495
5372,530
2819,586
5786,199
5802,265
5802,256
5554,217
1483,381
1483,82
5251,410
4843,233
5778,3
5805,245
4361,455
4063,597
3035,178
5809,880
5809,469
5809,56
151,815
5809,154
4048,815
5817,233
5817,82
5479,94
5786,447
469,642
469,38
469,465
5794,264
2598,572
2598,119
5818,152
469,67
469,378
469,60
575,550
5831,2
5831,121
5831,36
5831,113
5831,520
5835,78
5211,39
5281,820
1956,467
1549,472
3061,606
1461,910
1178,287
1777,113
533,908
3889,67
3889,212
3889,265
3889,131
5845,101
4083,40
4083,408
4083,256
5847,11
5847,60
5847,115
5847,67
5847,495
5847,57
5847,85
5844,870
5844,132
5844,737
5844,916
5850,509
5850,233
5850,73
4617,173
5689,347
5689,542
4292,287
4292,82
504,73
4591,11
4591,40
4591,35
1609,273
1609,95
552,7
552,9
552,162
552,284
1844,439
265,8
265,5
265,13
265,58
3183,210
3183,672
5859,121
5859,47
5859,13
5860,350
5860,737
5860,85
4990,550
5858,101
5858,57
5859,495
1178,344
5871,26
5871,5
5871,50
5871,67
3730,916
3730,100
5588,663
2030,467
2030,38
2030,516
3340,829
2030,28
4382,28
2030,55
2030,181
2803,82
4890,479
4259,265
5831,357
4259,67
4259,42
4259,425
4259,238
4259,4
5831,426
2351,366
2351,687
4486,408
2043,447
5047,727
2432,398
2432,73
2432,49
2432,52
2432,3
2432,150
3912,719
4344,247
952,196
952,951
3176,467
4292,42
1933,122
564,690
2275,369
5846,256
5846,142
5846,186
5846,10
5715,11
5538,100
1741,81
2889,186
2889,249
271,115
5570,8
5570,13
1832,101
1832,372
4486,65
2859,550
2931,212
2088,113
4072,265
4072,158
1979,500
3006,374
5912,94
1274,67
719,766
1726,11
1726,5
1726,13
1726,28
1726,32
897,40
5911,113
5911,211
5911,168
4643,550
4643,92
2257,662
4815,508
2284,520
1553,701
5921,142
5912,162
1062,249
5917,97
5675,520
5675,430
5675,550
1738,67
646,15
5859,178
5859,60
5933,38
5912,856
3565,984
5936,908
5374,142
3157,40
2960,495
2960,104
2960,366
2960,520
1357,236
614,380
614,122
5945,130
5862,82
5917,57
5175,60
5945,4
5945,8
5945,212
5945,119
5928,718
5928,709
5928,171
5928,230
5928,471
5928,451
5928,498
5831,32
5951,43
5928,611
195,550
2960,658
2960,483
5955,89
5697,186
5936,205
5936,696
5936,898
5791,73
1724,310
1724,447
1464,760
5961,283
5525,526
1087,523
1087,114
5967,936
5967,953
5949,672
5967,56
5971,233
5971,35
403,57
5971,255
5971,316
5971,969
3636,520
4846,167
5503,425
5973,212
5973,186
5973,999
5973,109
5973,148
5973,264
5928,101
5752,13
4273,306
4273,743
4273,986
4273,436
5979,100
5979,67
5975,899
5975,925
1361,509
5967,65
2589,426
5096,310
2928,265
2928,883
3207,329
4700,595
5314,855
5314,401
5314,8
5906,233
5906,150
1722,46
3832,547
3832,690
3832,650
3832,819
3200,410
3200,11
4502,815
4502,314
5955,70
5985,331
4374,403
2624,94
1135,329
5567,249
4367,597
5938,388
5737,498
5737,408
2516,92
4356,961
2185,534
5956,781
5956,187
5956,519
5956,52
4107,739
6002,516
2756,663
2968,256
259,867
2044,11
2044,45
2044,104
2044,115
2044,233
104,7
3617,744
4637,162
2177,11
4265,723
3272,181
5992,890
1418,35
1708,24
1708,121
3422,395
3074,550
1708,168
1708,72
1708,176
1708,237
1708,488
1708,305
1708,349
1708,670
1708,578
1708,675
1708,705
1708,703
1708,967
1708,430
1708,795
1708,520
1708,782
1708,959
1708,531
1708,496
1708,456
1708,586
1708,311
1708,935
5686,534
594,516
812,94
6015,13
2176,104
5791,316
5791,122
5946,120
423,559
423,76
423,270
423,43
423,119
423,959
423,451
5906,687
4502,7
3303,534
5791,40
5791,216
2859,744
4238,119
4238,354
1708,397
1708,260
4238,520
5672,371
4212,46
2257,329
2427,329
5791,744
5791,104
4074,129
4752,534
4392,187
5712,448
6029,45
1476,442
4670,11
4670,67
4670,256
4670,186
4670,115
4670,233
944,233
5468,13
5468,54
5468,37
5468,347
5468,11
5468,22
5468,75
5468,93
5468,132
4843,943
2662,550
4074,73
4074,217
4074,64
5402,265
868,743
868,653
4980,155
4980,161
860,142
5281,354
3254,951
6046,52
6046,117
6046,606
6046,365
6046,371
6046,508
6046,344
6046,55
6046,483
6046,301
6046,65
6046,372
6046,111
6046,119
4298,408
4298,83
1465,687
1465,366
5737,264
3634,694
1610,937
6049,256
6049,895
4890,225
4890,395
6046,46
6046,196
6046,484
6046,60
6046,14
6046,101
6046,719
4591,329
2284,284
2284,65
6055,399
6055,245
159,248
159,353
159,530
159,29
5899,550
6059,46
6059,67
6059,329
6059,417
6059,57
6065,329
5706,150
6068,546
2117,476
2117,969
2117,867
1515,265
5021,663
6042,62
6042,94
2044,249
2044,718
2044,959
2044,516
366,67
4587,11
1726,629
1726,708
1726,232
3006,366
3006,860
3006,101
4110,233
3826,174
4072,877
3973,784
4072,92
4352,101
5099,828
1292,611
1292,67
2284,378
6088,758
6088,550
5987,447
5791,344
6094,171
6094,76
5791,187
5791,282
1433,929
3326,663
3326,67
5737,66
1306,534
1215,653
6088,916
6088,895
4272,912
1729,287
2687,405
2687,104
821,67
3469,81
1532,187
1532,519
1532,781
1532,430
1532,574
1532,45
1532,115
1532,718
5805,186
5982,597
5982,916
6106,249
3697,108
3697,955
3697,952
6046,718
6046,283
1421,380
6078,325
5995,546
6078,122
6104,238
6104,546
6104,329
2561,688
2561,40
5982,82
5982,485
5698,64
5698,196
5698,718
5698,56
4659,8
6078,328
6078,11
6078,38
6078,101
6078,33
6078,908
4010,329
4938,94
941,249
941,694
1898,60
1898,38
6123,53
1689,111
1689,101
3665,864
5500,447
6102,293
6102,872
6102,130
6102,730
6102,788
5952,480
2299,867
5952,743
5902,898
4658,73
4308,181
1450,101
5260,216
1450,46
6022,255
6022,186
6022,38
6022,94
6022,119
6022,354
6022,100
6022,118
6102,255
488,516
6133,374
6133,597
6133,570
2000,80
6133,289
6133,829
6133,408
6133,129
6133,883
6135,429
6135,894
6135,953
6135,936
1503,690
860,407
1493,5
4092,687
3826,111
2919,113
5737,173
6053,690
1649,322
6133,284
6133,426
6005,115
4666,48
5845,8
5845,289
3113,534
5275,100
5275,111
6102,54
1376,555
2704,592
837,883
4243,40
4756,424
1690,9
6154,484
6152,264
6152,395
189,232
189,612
189,806
189,936
189,953
189,703
189,609
189,911
6152,113
6152,718
5917,417
4486,13
6152,127
6152,211
1206,663
1829,314
6151,119
6151,95
6151,48
6151,361
6022,287
6022,46
6022,95
6022,959
6151,405
4659,417
4659,284
3183,495
4659,225
3931,73
358,587
358,344
358,273
358,75
358,265
358,115
358,35
1503,758
6158,11
6158,101
6158,344
5847,371
4869,73
2624,741
5831,718
4659,119
1154,534
1154,743
1447,523
2445,477
4154,111
4154,5
4154,13
4154,28
4154,14
4154,287
4154,94
3638,100
3638,57
3638,40
6162,599
6162,751
6162,62
6162,480
6118,828
5142,122
1154,25
1154,284
1154,121
1154,55
1154,32
1154,344
1154,4
1154,101
1154,709
1154,127
1154,85
1154,113
1154,405
1154,65
1154,337
1154,483
1154,948
1154,196
318,95
318,33
318,186
318,372
318,104
318,233
6165,94
1476,244
1476,467
6165,530
6165,804
6165,855
2888,554
2888,712
2888,864
4154,741
318,408
318,13
5534,273
5567,534
5567,119
4024,653
2318,860
5149,25
6053,103
6053,213
6059,233
6059,212
6059,94
4337,122
6059,306
6174,238
